{
  "version": 2,
  "name": "tl-building-system",
  "builds": [
    {
      "src": "package.json",
      "use": "@vercel/static-build",
      "config": {
        "distDir": "dist"
      }
    }
  ],
  "routes": [
    {
      "src": "/assets/(.*)",
      "headers": {
        "cache-control": "public, max-age=31536000, immutable"
      }
    },
    {
      "src": "/(.*)",
      "dest": "/index.html"
    }
  ],
  "headers": [
    {
      "source": "/api/(.*)",
      "headers": [
        {
          "key": "Access-Control-Allow-Origin",
          "value": "*"
        },
        {
          "key": "Access-Control-Allow-Methods",
          "value": "GET, POST, PUT, DELETE, OPTIONS"
        },
        {
          "key": "Access-Control-Allow-Headers",
          "value": "Content-Type, Authorization"
        }
      ]
    }
  ],
  "env": {
    "VITE_API_URL": "https://tl-building-backend.railway.app",
    "VITE_APP_NAME": "TL Building System",
    "VITE_NODE_ENV": "production"
  }
}

